persona,user_query
Backpacker,"I'm a student backpacker on a very tight budget; where can I find the cheapest hostels with a good vibe for meeting other travelers?"
Backpacker,"As a budget traveler, what are the best free walking tours or affordable public transport routes to see the city's highlights?"
Backpacker,"My priority is to save money on food. Can you recommend local markets or hawker centers with really cheap and filling meals?"
Backpacker,"I travel light with just a backpack. Where can I find laundromats and affordable guesthouses for a long stay?"
Backpacker,"I'm looking for tips on hitchhiking or affordable intercity buses to explore beyond Singapore city."
Backpacker,"Are there any volunteer opportunities in exchange for accommodation or food that suit a young, solo traveler?"
Backpacker,"I'm keen to experience local life on a shoestring budget. What are some authentic, low-cost activities?"
Backpacker,"My budget doesn't allow for fancy meals. Where can I find the absolute cheapest and most delicious street food?"
Backpacker,"I'm looking for communal spaces in hostels where I can meet other budget-conscious travelers."
Backpacker,"Tell me about free attractions or activities that are popular among backpackers in Singapore."
Luxury Seeker,"We're celebrating our anniversary; what are the most exclusive five-star hotels with private pools and stunning views?"
Luxury Seeker,"I'm interested in booking a bespoke private tour, maybe a yacht charter or a personalized culinary journey."
Luxury Seeker,"Which high-end resorts offer unparalleled spa experiences and wellness programs for a complete pampering session?"
Luxury Seeker,"My partner and I are looking for Michelin-starred dining experiences or upscale restaurants with tasting menus."
Luxury Seeker,"Please arrange for seamless VIP airport transfers and a dedicated chauffeur service for our stay."
Luxury Seeker,"Recommend top-tier boutique hotels known for their impeccable service and unique, luxurious design."
Luxury Seeker,"I'm keen on exploring designer boutiques and high-end shopping districts for exclusive brands."
Luxury Seeker,"Are there any private art gallery viewings or exclusive cultural events available during my visit?"
Luxury Seeker,"We're looking for the ultimate in comfort and privacy; suggest a luxury villa or penthouse suite."
Luxury Seeker,"Tell me about concierge services that can arrange bespoke experiences, from private chefs to personalized shopping tours."
Culture Explorer,"I'm a history enthusiast; where are the most historically significant sites and ancient temples to visit?"
Culture Explorer,"As someone interested in local heritage, which museums provide the deepest insights into Singapore's past?"
Culture Explorer,"My passion is authentic local culture; are there workshops for traditional crafts or cultural performances to attend?"
Culture Explorer,"I want to experience true local life. Where can I witness traditional ceremonies, festivals, or religious practices?"
Culture Explorer,"Which neighborhoods are known for their vibrant cultural heritage and unique architectural styles?"
Culture Explorer,"I'm keen to learn about local customs and etiquette to truly immerse myself in the culture."
Culture Explorer,"Can you recommend guided tours that focus on Singapore's colonial history or its multi-cultural evolution?"
Culture Explorer,"I'm an art lover; where are the best galleries showcasing contemporary and traditional Singaporean art?"
Culture Explorer,"Tell me about traditional markets where I can observe daily life and the unique cultural exchange."
Culture Explorer,"I'm looking for historical anecdotes and stories behind famous landmarks. Are there any specialized tours for this?"
Foodie,"I'm a passionate foodie visiting Singapore; where are the best hawker centers for truly authentic and diverse local dishes?"
Foodie,"My partner and I love cooking; are there any hands-on culinary tours or cooking classes focusing on Singaporean cuisine?"
Foodie,"I'm hunting for hidden street food gems that only locals frequent, serving unique and traditional flavors."
Foodie,"Which restaurants specialize in specific regional Singaporean dishes that I absolutely must try?"
Foodie,"I'm adventurous with food; where can I find exotic fruits, unique snacks, and local delicacies to sample?"
Foodie,"Are there any food festivals, pop-up dining events, or culinary trails happening this week in Singapore?"
Foodie,"I'm looking for Michelin Bib Gourmand or other value-for-money, high-quality food establishments."
Foodie,"Tell me about vibrant food markets where I can explore a wide variety of ingredients and prepared foods."
Foodie,"What are the absolute must-try iconic dishes in Singapore that I shouldn't leave without tasting?"
Foodie,"I'm a coffee enthusiast. Where can I find the best local cafes serving unique Singaporean coffee blends or artisanal brews?"
Solo Traveler,"As a solo female traveler, I'm planning a self-guided walking tour. What are the safest and most interesting routes?"
Solo Traveler,"I'm looking for independent activities and attractions in Singapore that are enjoyable alone and easy to navigate."
Solo Traveler,"Are there good co-working cafes or casual spots where I can meet other travelers or locals in a friendly environment?"
Solo Traveler,"I prefer a flexible itinerary and exploring at my own pace. Can you suggest areas or activities that allow for spontaneity?"
Solo Traveler,"Recommend safe and welcoming budget-friendly single rooms in guesthouses or boutique hotels for a solo visitor."
Solo Traveler,"What are some safe late-night activities or entertainment options that are suitable for someone traveling alone?"
Solo Traveler,"Tell me about the most efficient public transport options for a solo traveler getting around Singapore easily."
Solo Traveler,"I need practical tips for staying safe, connected, and entertained while exploring Singapore independently."
Solo Traveler,"Are there any small group tours specifically designed for solo travelers looking to make connections?"
Solo Traveler,"I enjoy quiet introspection. Can you suggest peaceful spots for reflection or photography without crowds?"
Adventure Seeker,"I'm an adrenaline junkie looking for outdoor rock climbing or bouldering spots in Singapore, natural or artificial."
Adventure Seeker,"What are the best places for exhilarating water sports like wakeboarding, jet-skiing, or strong currents for kayaking?"
Adventure Seeker,"Recommend challenging hiking trails or nature reserves with steep inclines and good views for an experienced trekker."
Adventure Seeker,"Are there opportunities for unique thrill activities like indoor skydiving, bungee jumping, or giant swings in Singapore?"
Adventure Seeker,"I want to experience white-water rafting, zip-lining, or high ropes courses; where are the most intense options?"
Adventure Seeker,"Tell me about any adventure parks or extreme sports centers where I can try multiple thrilling activities in one place."
Adventure Seeker,"What are the best mountain biking trails or cycling routes that offer a real challenge and diverse terrain?"
Adventure Seeker,"I'm interested in exploring caves, going caving, or unique spelunking experiences near Singapore."
Adventure Seeker,"Are there organized trips for jungle trekking, canopy walks, or wildlife encounters that offer a sense of adventure?"
Adventure Seeker,"Where can I find exciting off-road vehicle experiences like ATV rides or challenging dirt bike tracks?"
Shopper,"I'm a serious shopper; where are the largest malls with a wide range of international and local brands?"
Shopper,"Which street markets or bazaars offer the best selection of unique local crafts, souvenirs, and handmade goods?"
Shopper,"Tell me about the best outlet stores or major discount shopping opportunities for electronics or fashion."
Shopper,"I'm interested in luxury shopping. Where are the high-end boutiques and designer stores concentrated in Singapore?"
Shopper,"Where can I find reputable places to buy electronics, cameras, or gadgets at competitive prices?"
Shopper,"Recommend areas known for their independent fashion boutiques and unique concept stores, away from the big brands."
Shopper,"Are there any vibrant antique markets, vintage clothing stores, or second-hand shops worth exploring for unique finds?"
Shopper,"I'm looking for the best places for duty-free shopping, particularly for cosmetics, liquor, or luxury goods."
Shopper,"What are the typical operating hours for major shopping centers and retail districts in Singapore?"
Shopper,"I'm keen on visiting local artisan workshops or design studios to buy direct from creators."
Relaxation Seeker,"I want to find a truly quiet and secluded beach resort with calm waters and serene views for ultimate relaxation."
Relaxation Seeker,"Recommend the most luxurious spas in Singapore for deep tissue massages, holistic treatments, and complete rejuvenation."
Relaxation Seeker,"Are there any tranquil yoga retreats, meditation centers, or wellness sanctuaries for a peaceful escape?"
Relaxation Seeker,"I'm looking for beautiful, calm gardens or peaceful parks where I can unwind and enjoy nature without crowds."
Relaxation Seeker,"Tell me about hotels with expansive, luxurious pools and comfortable sunbathing areas for pure leisure."
Relaxation Seeker,"My ideal vacation involves slow-paced activities like reading by the sea or gentle strolls. Where can I do this?"
Relaxation Seeker,"Where can I find a peaceful spot for a leisurely afternoon tea or a quiet, scenic dinner with a relaxed ambiance?"
Relaxation Seeker,"I'm interested in resorts offering all-inclusive relaxation packages that include spa, dining, and serene accommodations."
Relaxation Seeker,"What are the best places to simply do nothing, de-stress, and recharge, away from the hustle and bustle?"
Relaxation Seeker,"Recommend private villas or secluded bungalows with calming atmospheres and minimal distractions for a quiet retreat."
Digital Nomad,"I'm a digital nomad needing reliable, high-speed internet. What are the best cafes or public spaces for working?"
Digital Nomad,"Are there any affordable co-working spaces in Singapore with a good community, suitable for daily or weekly passes?"
Digital Nomad,"I'm looking for long-term apartment rentals (1-3 months) in neighborhoods suitable for remote workers with good amenities."
Digital Nomad,"What are the most digital nomad-friendly neighborhoods in Singapore with a good balance of work environment and social life?"
Digital Nomad,"Tell me about local SIM card options and the best mobile data plans for someone who relies heavily on internet access."
Digital Nomad,"I need a quiet yet stimulating place to work, ideally close to good food and some evening entertainment options."
Digital Nomad,"Are there any digital nomad meetups, expat groups, or networking events in Singapore I can join?"
Digital Nomad,"I'm interested in finding gyms, fitness centers, or yoga studios that offer flexible monthly memberships for short-term stays."
Digital Nomad,"What are the visa requirements and processes for a digital nomad looking to stay in Singapore for several months?"
Digital Nomad,"Recommend places in Singapore that offer a great work-life balance, perhaps near nature or with easy access to leisure activities."
Family Traveler,"What are the best kid-friendly attractions and theme parks for a family with young children in Singapore?"
Family Traveler,"I'm looking for hotels with family suites, interconnected rooms, and children's pools suitable for a family vacation."
Family Traveler,"Are there safe parks and playgrounds in Singapore that are suitable for toddlers and younger kids?"
Family Traveler,"Recommend restaurants in Singapore with dedicated kid's menus, high chairs, and a welcoming atmosphere for families."
Family Traveler,"What are the most convenient and safe public transport options for families with strollers or multiple kids in Singapore?"
Family Traveler,"I'm interested in educational activities in Singapore that are interactive and engaging for children of various ages."
Family Traveler,"Tell me about family-friendly shows, entertainment options, or cultural performances suitable for kids in Singapore."
Family Traveler,"Are there safe swimming areas or beaches with calm, shallow waters in Singapore perfect for families with children?"
Family Traveler,"I need information on reliable local childcare services or reputable babysitting agencies in Singapore."
Family Traveler,"What are the best places for a family picnic or outdoor activities that cater to all age groups in Singapore?"
Solo Traveler;Foodie,"I'm a solo female traveler and a foodie. Where can I find safe and authentic street food experiences in Singapore, perhaps with a local guide?"
Culture Explorer;Backpacker,"My partner and I are culture explorers on a tight budget. What are the best free historical sites or cultural workshops in Singapore?"
Family Traveler;Luxury Seeker,"We are a family of two adults and two young kids. We want a luxurious hotel that's also very kid-friendly with good pools and activities."
Digital Nomad;Adventure Seeker,"I'm a digital nomad who also loves adventure. Can you suggest co-working spaces near areas where I can go hiking or kayaking after work?"
Shopper;Relaxation Seeker,"As a shopper, I'm looking for unique, local souvenirs but also prefer a relaxed, uncrowded shopping experience. Any quiet markets?"
Solo Traveler;Culture Explorer,"I'm a solo traveler seeking cultural immersion. Where can I find small group tours that focus on local traditions and history?"
Luxury Seeker;Relaxation Seeker;Foodie,"We're a couple looking for a luxurious and relaxing getaway, but also want easy access to fine dining. What are the best resort and restaurant combos?"
Backpacker;Foodie;Culture Explorer,"I'm a student who loves exploring. Are there any off-the-beaten-path neighborhoods in Singapore that offer cheap street food and interesting cultural insights?"
Digital Nomad;Family Traveler,"I'm a digital nomad with a young child. Where can I find kid-friendly cafes with good Wi-Fi for remote work in Singapore?"
Adventure Seeker;Relaxation Seeker,"As an adventure seeker, I want to try unique outdoor activities, but I also want to find a peaceful place to unwind afterwards. Any suggestions for both?"
Backpacker;Culture Explorer,"I'm a young backpacker and history buff. Are there any free or very cheap cultural walking tours in Singapore that cover historical sites?"
Luxury Seeker;Foodie,"My partner and I are celebrating and looking for a luxurious culinary experience in Singapore – perhaps a Michelin-starred restaurant that also offers private dining."
Family Traveler;Adventure Seeker,"We're a family with active teens. What are the best adventure parks in Singapore that also have facilities for younger kids or a relaxation area for parents?"
Digital Nomad;Relaxation Seeker,"I'm a digital nomad looking for a quiet cafe with excellent Wi-Fi in Singapore, preferably near a park or green space where I can relax after work."
Shopper;Culture Explorer,"I'm interested in buying unique local crafts and textiles. Are there any traditional markets in Singapore that also offer insights into local culture?"
Solo Traveler;Foodie,"As a solo female traveler, I want to safely explore Singapore's street food scene. Can you recommend some must-try hawker centers that are good for individuals?"
Backpacker;Adventure Seeker,"I'm on a tight budget but love thrills. Are there any affordable outdoor adventure activities in Singapore, like budget-friendly kayaking or hiking trails?"
Luxury Seeker;Relaxation Seeker,"We're seeking a high-end resort in Singapore that offers both luxurious spa treatments and secluded, private beach access for ultimate relaxation."
Culture Explorer;Family Traveler,"We're a family with young children, keen on exploring Singapore's heritage. Are there any interactive museums or cultural sites suitable for kids?"
Foodie;Digital Nomad,"I'm a digital nomad and a serious foodie. Where can I find cafes with good Wi-Fi that also serve amazing local dishes, suitable for working lunches?"
Solo Traveler;Adventure Seeker,"I'm traveling solo and looking for an adventurous experience in Singapore – maybe a guided hike or a unique outdoor activity where I can meet new people."
Shopper;Luxury Seeker,"I'm looking for exclusive luxury boutiques in Singapore but also want to find unique, high-quality local designer pieces. Any recommendations for both?"
Backpacker;Relaxation Seeker,"After a lot of traveling, I need to unwind on a budget. Are there any quiet, free public parks or serene spots in Singapore where I can just relax?"
Family Traveler;Foodie,"We're a family with picky eaters. Can you suggest family-friendly restaurants in Singapore that offer a variety of cuisines, including local dishes?"
Digital Nomad;Culture Explorer,"I'm a digital nomad interested in local culture. Are there any co-working spaces in historic districts of Singapore, or near cultural attractions?"
Luxury Seeker;Adventure Seeker,"We're looking for a luxurious adventure in Singapore, perhaps a high-end glamping experience or a private tour that includes thrilling activities."
Solo Traveler;Shopper,"As a solo traveler, I want to safely explore Singapore's shopping scene. Are there any unique markets or boutiques that are easy to navigate alone?"
Culture Explorer;Relaxation Seeker,"I'm keen to explore Singapore's cultural sites but also want to find peaceful, less crowded spots for quiet contemplation. Any suggestions for both?"
Foodie;Adventure Seeker,"I'm an adventurous foodie. Where can I find unique food experiences in Singapore, perhaps related to extreme flavors or unconventional dining spots?"
Family Traveler;Relaxation Seeker,"We're a family needing a break. Can you recommend resorts in Singapore with kids' clubs that also offer quiet areas or spa facilities for adults to relax?"
Digital Nomad;Foodie,"I'm a digital nomad arriving in Singapore next month and want to find cafes with fast Wi-Fi that also have amazing local food options for long work sessions."
Family Traveler;Culture Explorer,"We're a family of two adults, a toddler, and a pre-teen. We want cultural experiences in Singapore that are interactive and engaging for both age groups, maybe with some kid-friendly workshops."
Luxury Seeker;Shopper,"My wife and I are on a luxury trip to Singapore. She wants exclusive designer shopping, and I'm looking for high-end local art galleries to buy unique pieces."
Backpacker;Solo Traveler;Foodie,"As a solo student backpacker, I'm looking for the cheapest and most authentic street food in Singapore, and tips for finding fellow budget travelers to share meals with."
Adventure Seeker;Relaxation Seeker;Family Traveler,"We're a family with active kids, so we want some thrilling outdoor activities in Singapore, but also a resort with a lazy river or a calm pool for unwinding afterwards."
Shopper;Foodie,"I'm primarily coming to Singapore for shopping, but I'm also a big foodie. Where can I find good local eats conveniently located near major shopping districts?"
Culture Explorer;Solo Traveler,"I'm a solo traveler deeply interested in Singapore's diverse cultural heritage. Can you recommend less-visited temples or historical sites that are safe and easy to explore alone?"
Digital Nomad;Family Traveler;Relaxation Seeker,"I'm a digital nomad with a young family, seeking a quiet serviced apartment in Singapore that offers both reliable internet for work and a family-friendly pool/play area for relaxation."
Luxury Seeker;Culture Explorer,"My husband and I are looking for a luxurious and immersive cultural experience in Singapore, perhaps a private guided tour of historical sites followed by a gourmet dinner."
Backpacker;Digital Nomad,"I'm a backpacker needing to get some remote work done. Are there any free or very cheap co-working spaces in Singapore that are popular with other young travelers?"
Foodie;Relaxation Seeker,"I'm on a culinary tour of Singapore but also want to relax. Can you suggest some quiet, scenic spots for enjoying local treats, maybe by the water or in a peaceful garden?"
Shopper;Adventure Seeker,"I want to combine shopping with some excitement. Are there any unique markets in Singapore near areas where I can try an adventurous activity like indoor surfing?"
Family Traveler;Shopper,"We're a family with teenagers visiting Singapore. They want to hit the big malls for fashion, but I also want to find some unique local souvenirs. Where can we do both efficiently?"
Solo Traveler;Relaxation Seeker,"As a solo traveler, I need to de-stress. Can you recommend a safe and peaceful spa in Singapore, or a quiet park perfect for solitary reflection?"
Culture Explorer;Adventure Seeker,"I love history and also enjoy a good challenge. Are there any historical sites in Singapore that involve a bit of adventurous exploration, like climbing or a scenic hike to reach?"
Luxury Seeker;Digital Nomad,"I'm a high-end digital nomad looking for a premium serviced apartment in Singapore with a dedicated workspace, concierge services, and excellent connectivity."
Backpacker;Shopper,"I'm a student backpacker looking for really unique and affordable local souvenirs in Singapore. Where are the best bargain markets for quirky finds?"
Foodie;Family Traveler;Adventure Seeker,"Our family loves food and adventure. What are some fun, active food experiences in Singapore, like a cycling food tour or a cooking class that involves a market visit?"
Digital Nomad,"I'm a digital nomad who loves discovering new places. Can you recommend a less-known neighborhood in Singapore with good cafes for working and interesting local spots to explore during breaks?"
Luxury Seeker;Foodie;Culture Explorer,"We are a discerning couple seeking a luxury trip to Singapore that combines fine dining experiences with exclusive access to cultural heritage sites and private art tours."
Backpacker;Foodie;Culture Explorer,"As a young backpacker, I want to find cheap but authentic street food in Singapore's most culturally rich neighborhoods, soaking in local life on a budget."
Digital Nomad;Adventure Seeker;Solo Traveler,"I'm a solo digital nomad looking for a co-working space in Singapore near exciting outdoor activities like rock climbing, to balance work and adventure."
Family Traveler;Shopper;Relaxation Seeker,"We're a family with young kids. We want to do some fun shopping for souvenirs, but also need a quiet spot where the kids can relax or play afterwards."
Shopper;Foodie;Culture Explorer,"I'm a shopper looking for unique local goods, and I also want to experience traditional markets that are known for both crafts and local delicacies."
Solo Traveler;Foodie;Adventure Seeker,"I'm a solo traveler eager for adventure and new tastes. Where can I find thrilling local experiences in Singapore followed by unique street food explorations?"
Culture Explorer;Digital Nomad;Relaxation Seeker,"I'm a digital nomad deeply interested in local history. Can you suggest quiet cafes in historic areas of Singapore where I can work and then explore cultural sites?"
Luxury Seeker;Family Traveler;Adventure Seeker,"We're a family seeking a luxury adventure in Singapore. Are there high-end resorts that offer thrilling activities for teens alongside pampered amenities for adults?"
Backpacker;Adventure Seeker;Culture Explorer,"I'm a budget backpacker who loves both history and adventure. Are there any historical sites in Singapore that involve an adventurous trek or unique exploration?"
Foodie;Digital Nomad;Relaxation Seeker,"I'm a foodie digital nomad looking for the best cafes in Singapore with great Wi-Fi, where I can work and also enjoy a relaxing atmosphere and delicious local bites."
Family Traveler;Culture Explorer;Adventure Seeker,"Our family wants to combine cultural learning with some active fun. Are there any interactive cultural experiences in Singapore that also involve light adventure for kids?"
Shopper;Solo Traveler;Relaxation Seeker,"As a solo traveler, I want to do some light shopping for unique items but also find a calm spot afterwards to unwind, away from the crowds."
Digital Nomad;Shopper;Culture Explorer,"I'm a digital nomad looking for long-term stay options in Singapore, ideally near local markets where I can buy unique goods and also immerse myself in the culture."
Luxury Seeker;Relaxation Seeker;Shopper,"We're on a luxury trip to Singapore. We want to enjoy high-end shopping and spa treatments, and also find quiet, exclusive places to simply relax and unwind."
Backpacker;Solo Traveler;Relaxation Seeker,"I'm a solo backpacker in Singapore needing to find a very cheap and peaceful place to relax and recharge, maybe a quiet park or a budget guesthouse with a serene common area."
Luxury Seeker;Relaxation Seeker;Shopper,"We're on a luxury trip to Singapore. We want to enjoy high-end shopping and spa treatments, and also find quiet, exclusive places to simply relax and unwind."
Backpacker;Solo Traveler;Relaxation Seeker,"I'm a solo backpacker in Singapore needing to find a very cheap and peaceful place to relax and recharge, maybe a quiet park or a budget guesthouse with a serene common area."
Luxury Seeker;Foodie,"I'm looking for upscale experiences or five-star amenities, keen to discover local hawker food and hidden cafes."
Solo Traveler;Family Traveler,"I'm traveling alone and want safe, easy-to-navigate areas, looking for kid-friendly spots and family activities."
Solo Traveler;Shopper,"I'm interested in visiting popular shopping spots, traveling alone and want safe, easy-to-navigate areas."
Family Traveler;Solo Traveler,"I'm traveling alone and want safe, easy-to-navigate areas, looking for kid-friendly spots and family activities."
Relaxation Seeker;Adventure Seeker;Shopper,"I'm hoping to unwind in peaceful, quiet places, interested in visiting popular shopping spots, excited for active or outdoor adventures."
Backpacker;Family Traveler,"I'm traveling on a tight budget, seeking hostels or cheap eats, looking for kid-friendly spots and family activities."
Shopper;Family Traveler;Digital Nomad,"I'm interested in visiting popular shopping spots, in need of quiet cafes with Wi-Fi to work remotely, looking for kid-friendly spots and family activities."
Adventure Seeker;Relaxation Seeker,"I'm hoping to unwind in peaceful, quiet places, excited for active or outdoor adventures, want to explore museums and heritage landmarks."
Luxury Seeker;Solo Traveler;Relaxation Seeker,"I'm looking for upscale experiences or five-star amenities, hoping to unwind in peaceful, quiet places, traveling alone and want safe, easy-to-navigate areas."
Solo Traveler,"I'm traveling alone and want safe, easy-to-navigate areas, want to explore museums and heritage landmarks."
Adventure Seeker;Backpacker;Solo Traveler,"I'm traveling on a tight budget, seeking hostels or cheap eats, traveling alone and want safe, easy-to-navigate areas, excited for active or outdoor adventures."
Family Traveler;Digital Nomad;Solo Traveler,"I'm traveling alone and want safe, easy-to-navigate areas, in need of quiet cafes with Wi-Fi to work remotely, looking for kid-friendly spots and family activities."
Foodie;Family Traveler,"I'm keen to discover local hawker food and hidden cafes, looking for kid-friendly spots and family activities."
Backpacker;Digital Nomad;Luxury Seeker,"I'm looking for upscale experiences or five-star amenities, traveling on a tight budget, seeking hostels or cheap eats, in need of quiet cafes with Wi-Fi to work remotely."
Adventure Seeker,"I'm excited for active or outdoor adventures, want to explore museums and heritage landmarks."
Luxury Seeker;Solo Traveler,"I'm looking for upscale experiences or five-star amenities, traveling alone and want safe, easy-to-navigate areas."
Shopper;Backpacker;Family Traveler,"I'm interested in visiting popular shopping spots, traveling on a tight budget, seeking hostels or cheap eats, looking for kid-friendly spots and family activities."
Luxury Seeker;Backpacker;Digital Nomad,"I'm looking for upscale experiences or five-star amenities, traveling on a tight budget, seeking hostels or cheap eats, in need of quiet cafes with Wi-Fi to work remotely."
Luxury Seeker;Relaxation Seeker;Family Traveler,"I'm looking for upscale experiences or five-star amenities, hoping to unwind in peaceful, quiet places, looking for kid-friendly spots and family activities."
Solo Traveler;Relaxation Seeker,"I'm hoping to unwind in peaceful, quiet places, traveling alone and want safe, easy-to-navigate areas, want to explore museums and heritage landmarks."
Family Traveler;Digital Nomad,"I'm in need of quiet cafes with Wi-Fi to work remotely, looking for kid-friendly spots and family activities."
Adventure Seeker;Foodie,"I'm keen to discover local hawker food and hidden cafes, excited for active or outdoor adventures."